region_name,region_code
Africa Eastern and Southern,AFE
Africa Eastern and Southern,AFE
Africa Eastern and Southern,AFE
Africa Eastern and Southern,AFE
Africa Eastern and Southern,AFE
Africa Eastern and Southern,AFE
Africa Eastern and Southern,AFE
Africa Eastern and Southern,AFE
Africa Eastern and Southern,AFE
Africa Eastern and Southern,AFE
Africa Eastern and Southern,AFE
Africa Eastern and Southern,AFE
Africa Eastern and Southern,AFE
Africa Eastern and Southern,AFE
Africa Eastern and Southern,AFE
Africa Eastern and Southern,AFE
Africa Eastern and Southern,AFE
Africa Eastern and Southern,AFE
Africa Eastern and Southern,AFE
Africa Eastern and Southern,AFE
Africa Eastern and Southern,AFE
Africa Eastern and Southern,AFE
Africa Eastern and Southern,AFE
Africa Eastern and Southern,AFE
Africa Eastern and Southern,AFE
Africa Eastern and Southern,AFE
Africa Eastern and Southern,AFE
Africa Eastern and Southern,AFE
Africa Eastern and Southern,AFE
Africa Eastern and Southern,AFE
Africa Eastern and Southern,AFE
Africa Eastern and Southern,AFE
Africa Eastern and Southern,AFE
Africa Western and Central,AFW
Africa Western and Central,AFW
Africa Western and Central,AFW
Africa Western and Central,AFW
Africa Western and Central,AFW
Africa Western and Central,AFW
Africa Western and Central,AFW
Africa Western and Central,AFW
Africa Western and Central,AFW
Africa Western and Central,AFW
Africa Western and Central,AFW
Africa Western and Central,AFW
Africa Western and Central,AFW
Africa Western and Central,AFW
Africa Western and Central,AFW
Africa Western and Central,AFW
Africa Western and Central,AFW
Africa Western and Central,AFW
Africa Western and Central,AFW
Africa Western and Central,AFW
Africa Western and Central,AFW
Africa Western and Central,AFW
Africa Western and Central,AFW
Africa Western and Central,AFW
Africa Western and Central,AFW
Africa Western and Central,AFW
Africa Western and Central,AFW
Africa Western and Central,AFW
Africa Western and Central,AFW
Africa Western and Central,AFW
Africa Western and Central,AFW
Africa Western and Central,AFW
Africa Western and Central,AFW
Arab World,ARB
Arab World,ARB
Arab World,ARB
Arab World,ARB
Arab World,ARB
Arab World,ARB
Arab World,ARB
Arab World,ARB
Arab World,ARB
Arab World,ARB
Arab World,ARB
Arab World,ARB
Arab World,ARB
Arab World,ARB
Arab World,ARB
Arab World,ARB
Arab World,ARB
Arab World,ARB
Arab World,ARB
Arab World,ARB
Arab World,ARB
Arab World,ARB
Arab World,ARB
Arab World,ARB
Arab World,ARB
Arab World,ARB
Arab World,ARB
Arab World,ARB
Arab World,ARB
Arab World,ARB
Arab World,ARB
Arab World,ARB
Arab World,ARB
Caribbean small states,CSS
Caribbean small states,CSS
Caribbean small states,CSS
Caribbean small states,CSS
Caribbean small states,CSS
Caribbean small states,CSS
Caribbean small states,CSS
Caribbean small states,CSS
Caribbean small states,CSS
Caribbean small states,CSS
Caribbean small states,CSS
Caribbean small states,CSS
Caribbean small states,CSS
Caribbean small states,CSS
Caribbean small states,CSS
Caribbean small states,CSS
Caribbean small states,CSS
Caribbean small states,CSS
Caribbean small states,CSS
Caribbean small states,CSS
Caribbean small states,CSS
Caribbean small states,CSS
Caribbean small states,CSS
Caribbean small states,CSS
Caribbean small states,CSS
Caribbean small states,CSS
Caribbean small states,CSS
Caribbean small states,CSS
Caribbean small states,CSS
Caribbean small states,CSS
Caribbean small states,CSS
Caribbean small states,CSS
Caribbean small states,CSS
Central Europe and the Baltics,CEB
Central Europe and the Baltics,CEB
Central Europe and the Baltics,CEB
Central Europe and the Baltics,CEB
Central Europe and the Baltics,CEB
Central Europe and the Baltics,CEB
Central Europe and the Baltics,CEB
Central Europe and the Baltics,CEB
Central Europe and the Baltics,CEB
Central Europe and the Baltics,CEB
Central Europe and the Baltics,CEB
Central Europe and the Baltics,CEB
Central Europe and the Baltics,CEB
Central Europe and the Baltics,CEB
Central Europe and the Baltics,CEB
Central Europe and the Baltics,CEB
Central Europe and the Baltics,CEB
Central Europe and the Baltics,CEB
Central Europe and the Baltics,CEB
Central Europe and the Baltics,CEB
Central Europe and the Baltics,CEB
Central Europe and the Baltics,CEB
Central Europe and the Baltics,CEB
Central Europe and the Baltics,CEB
Central Europe and the Baltics,CEB
Central Europe and the Baltics,CEB
Central Europe and the Baltics,CEB
Central Europe and the Baltics,CEB
Central Europe and the Baltics,CEB
Central Europe and the Baltics,CEB
Central Europe and the Baltics,CEB
Central Europe and the Baltics,CEB
Central Europe and the Baltics,CEB
Early-demographic dividend,EAR
Early-demographic dividend,EAR
Early-demographic dividend,EAR
Early-demographic dividend,EAR
Early-demographic dividend,EAR
Early-demographic dividend,EAR
Early-demographic dividend,EAR
Early-demographic dividend,EAR
Early-demographic dividend,EAR
Early-demographic dividend,EAR
Early-demographic dividend,EAR
Early-demographic dividend,EAR
Early-demographic dividend,EAR
Early-demographic dividend,EAR
Early-demographic dividend,EAR
Early-demographic dividend,EAR
Early-demographic dividend,EAR
Early-demographic dividend,EAR
Early-demographic dividend,EAR
Early-demographic dividend,EAR
Early-demographic dividend,EAR
Early-demographic dividend,EAR
Early-demographic dividend,EAR
Early-demographic dividend,EAR
Early-demographic dividend,EAR
Early-demographic dividend,EAR
Early-demographic dividend,EAR
Early-demographic dividend,EAR
Early-demographic dividend,EAR
Early-demographic dividend,EAR
Early-demographic dividend,EAR
Early-demographic dividend,EAR
Early-demographic dividend,EAR
East Asia & Pacific,EAS
East Asia & Pacific,EAS
East Asia & Pacific,EAS
East Asia & Pacific,EAS
East Asia & Pacific,EAS
East Asia & Pacific,EAS
East Asia & Pacific,EAS
East Asia & Pacific,EAS
East Asia & Pacific,EAS
East Asia & Pacific,EAS
East Asia & Pacific,EAS
East Asia & Pacific,EAS
East Asia & Pacific,EAS
East Asia & Pacific,EAS
East Asia & Pacific,EAS
East Asia & Pacific,EAS
East Asia & Pacific,EAS
East Asia & Pacific,EAS
East Asia & Pacific,EAS
East Asia & Pacific,EAS
East Asia & Pacific,EAS
East Asia & Pacific,EAS
East Asia & Pacific,EAS
East Asia & Pacific,EAS
East Asia & Pacific,EAS
East Asia & Pacific,EAS
East Asia & Pacific,EAS
East Asia & Pacific,EAS
East Asia & Pacific,EAS
East Asia & Pacific,EAS
East Asia & Pacific,EAS
East Asia & Pacific,EAS
East Asia & Pacific,EAS
East Asia & Pacific (excluding high income),EAP
East Asia & Pacific (excluding high income),EAP
East Asia & Pacific (excluding high income),EAP
East Asia & Pacific (excluding high income),EAP
East Asia & Pacific (excluding high income),EAP
East Asia & Pacific (excluding high income),EAP
East Asia & Pacific (excluding high income),EAP
East Asia & Pacific (excluding high income),EAP
East Asia & Pacific (excluding high income),EAP
East Asia & Pacific (excluding high income),EAP
East Asia & Pacific (excluding high income),EAP
East Asia & Pacific (excluding high income),EAP
East Asia & Pacific (excluding high income),EAP
East Asia & Pacific (excluding high income),EAP
East Asia & Pacific (excluding high income),EAP
East Asia & Pacific (excluding high income),EAP
East Asia & Pacific (excluding high income),EAP
East Asia & Pacific (excluding high income),EAP
East Asia & Pacific (excluding high income),EAP
East Asia & Pacific (excluding high income),EAP
East Asia & Pacific (excluding high income),EAP
East Asia & Pacific (excluding high income),EAP
East Asia & Pacific (excluding high income),EAP
East Asia & Pacific (excluding high income),EAP
East Asia & Pacific (excluding high income),EAP
East Asia & Pacific (excluding high income),EAP
East Asia & Pacific (excluding high income),EAP
East Asia & Pacific (excluding high income),EAP
East Asia & Pacific (excluding high income),EAP
East Asia & Pacific (excluding high income),EAP
East Asia & Pacific (excluding high income),EAP
East Asia & Pacific (excluding high income),EAP
East Asia & Pacific (excluding high income),EAP
East Asia & Pacific (IDA & IBRD countries),TEA
East Asia & Pacific (IDA & IBRD countries),TEA
East Asia & Pacific (IDA & IBRD countries),TEA
East Asia & Pacific (IDA & IBRD countries),TEA
East Asia & Pacific (IDA & IBRD countries),TEA
East Asia & Pacific (IDA & IBRD countries),TEA
East Asia & Pacific (IDA & IBRD countries),TEA
East Asia & Pacific (IDA & IBRD countries),TEA
East Asia & Pacific (IDA & IBRD countries),TEA
East Asia & Pacific (IDA & IBRD countries),TEA
East Asia & Pacific (IDA & IBRD countries),TEA
East Asia & Pacific (IDA & IBRD countries),TEA
East Asia & Pacific (IDA & IBRD countries),TEA
East Asia & Pacific (IDA & IBRD countries),TEA
East Asia & Pacific (IDA & IBRD countries),TEA
East Asia & Pacific (IDA & IBRD countries),TEA
East Asia & Pacific (IDA & IBRD countries),TEA
East Asia & Pacific (IDA & IBRD countries),TEA
East Asia & Pacific (IDA & IBRD countries),TEA
East Asia & Pacific (IDA & IBRD countries),TEA
East Asia & Pacific (IDA & IBRD countries),TEA
East Asia & Pacific (IDA & IBRD countries),TEA
East Asia & Pacific (IDA & IBRD countries),TEA
East Asia & Pacific (IDA & IBRD countries),TEA
East Asia & Pacific (IDA & IBRD countries),TEA
East Asia & Pacific (IDA & IBRD countries),TEA
East Asia & Pacific (IDA & IBRD countries),TEA
East Asia & Pacific (IDA & IBRD countries),TEA
East Asia & Pacific (IDA & IBRD countries),TEA
East Asia & Pacific (IDA & IBRD countries),TEA
East Asia & Pacific (IDA & IBRD countries),TEA
East Asia & Pacific (IDA & IBRD countries),TEA
East Asia & Pacific (IDA & IBRD countries),TEA
Euro area,EMU
Euro area,EMU
Euro area,EMU
Euro area,EMU
Euro area,EMU
Euro area,EMU
Euro area,EMU
Euro area,EMU
Euro area,EMU
Euro area,EMU
Euro area,EMU
Euro area,EMU
Euro area,EMU
Euro area,EMU
Euro area,EMU
Euro area,EMU
Euro area,EMU
Euro area,EMU
Euro area,EMU
Euro area,EMU
Euro area,EMU
Euro area,EMU
Euro area,EMU
Euro area,EMU
Euro area,EMU
Euro area,EMU
Euro area,EMU
Euro area,EMU
Euro area,EMU
Euro area,EMU
Euro area,EMU
Euro area,EMU
Euro area,EMU
Europe & Central Asia,ECS
Europe & Central Asia,ECS
Europe & Central Asia,ECS
Europe & Central Asia,ECS
Europe & Central Asia,ECS
Europe & Central Asia,ECS
Europe & Central Asia,ECS
Europe & Central Asia,ECS
Europe & Central Asia,ECS
Europe & Central Asia,ECS
Europe & Central Asia,ECS
Europe & Central Asia,ECS
Europe & Central Asia,ECS
Europe & Central Asia,ECS
Europe & Central Asia,ECS
Europe & Central Asia,ECS
Europe & Central Asia,ECS
Europe & Central Asia,ECS
Europe & Central Asia,ECS
Europe & Central Asia,ECS
Europe & Central Asia,ECS
Europe & Central Asia,ECS
Europe & Central Asia,ECS
Europe & Central Asia,ECS
Europe & Central Asia,ECS
Europe & Central Asia,ECS
Europe & Central Asia,ECS
Europe & Central Asia,ECS
Europe & Central Asia,ECS
Europe & Central Asia,ECS
Europe & Central Asia,ECS
Europe & Central Asia,ECS
Europe & Central Asia,ECS
Europe & Central Asia (excluding high income),ECA
Europe & Central Asia (excluding high income),ECA
Europe & Central Asia (excluding high income),ECA
Europe & Central Asia (excluding high income),ECA
Europe & Central Asia (excluding high income),ECA
Europe & Central Asia (excluding high income),ECA
Europe & Central Asia (excluding high income),ECA
Europe & Central Asia (excluding high income),ECA
Europe & Central Asia (excluding high income),ECA
Europe & Central Asia (excluding high income),ECA
Europe & Central Asia (excluding high income),ECA
Europe & Central Asia (excluding high income),ECA
Europe & Central Asia (excluding high income),ECA
Europe & Central Asia (excluding high income),ECA
Europe & Central Asia (excluding high income),ECA
Europe & Central Asia (excluding high income),ECA
Europe & Central Asia (excluding high income),ECA
Europe & Central Asia (excluding high income),ECA
Europe & Central Asia (excluding high income),ECA
Europe & Central Asia (excluding high income),ECA
Europe & Central Asia (excluding high income),ECA
Europe & Central Asia (excluding high income),ECA
Europe & Central Asia (excluding high income),ECA
Europe & Central Asia (excluding high income),ECA
Europe & Central Asia (excluding high income),ECA
Europe & Central Asia (excluding high income),ECA
Europe & Central Asia (excluding high income),ECA
Europe & Central Asia (excluding high income),ECA
Europe & Central Asia (excluding high income),ECA
Europe & Central Asia (excluding high income),ECA
Europe & Central Asia (excluding high income),ECA
Europe & Central Asia (excluding high income),ECA
Europe & Central Asia (excluding high income),ECA
Europe & Central Asia (IDA & IBRD countries),TEC
Europe & Central Asia (IDA & IBRD countries),TEC
Europe & Central Asia (IDA & IBRD countries),TEC
Europe & Central Asia (IDA & IBRD countries),TEC
Europe & Central Asia (IDA & IBRD countries),TEC
Europe & Central Asia (IDA & IBRD countries),TEC
Europe & Central Asia (IDA & IBRD countries),TEC
Europe & Central Asia (IDA & IBRD countries),TEC
Europe & Central Asia (IDA & IBRD countries),TEC
Europe & Central Asia (IDA & IBRD countries),TEC
Europe & Central Asia (IDA & IBRD countries),TEC
Europe & Central Asia (IDA & IBRD countries),TEC
Europe & Central Asia (IDA & IBRD countries),TEC
Europe & Central Asia (IDA & IBRD countries),TEC
Europe & Central Asia (IDA & IBRD countries),TEC
Europe & Central Asia (IDA & IBRD countries),TEC
Europe & Central Asia (IDA & IBRD countries),TEC
Europe & Central Asia (IDA & IBRD countries),TEC
Europe & Central Asia (IDA & IBRD countries),TEC
Europe & Central Asia (IDA & IBRD countries),TEC
Europe & Central Asia (IDA & IBRD countries),TEC
Europe & Central Asia (IDA & IBRD countries),TEC
Europe & Central Asia (IDA & IBRD countries),TEC
Europe & Central Asia (IDA & IBRD countries),TEC
Europe & Central Asia (IDA & IBRD countries),TEC
Europe & Central Asia (IDA & IBRD countries),TEC
Europe & Central Asia (IDA & IBRD countries),TEC
Europe & Central Asia (IDA & IBRD countries),TEC
Europe & Central Asia (IDA & IBRD countries),TEC
Europe & Central Asia (IDA & IBRD countries),TEC
Europe & Central Asia (IDA & IBRD countries),TEC
Europe & Central Asia (IDA & IBRD countries),TEC
Europe & Central Asia (IDA & IBRD countries),TEC
European Union,EUU
European Union,EUU
European Union,EUU
European Union,EUU
European Union,EUU
European Union,EUU
European Union,EUU
European Union,EUU
European Union,EUU
European Union,EUU
European Union,EUU
European Union,EUU
European Union,EUU
European Union,EUU
European Union,EUU
European Union,EUU
European Union,EUU
European Union,EUU
European Union,EUU
European Union,EUU
European Union,EUU
European Union,EUU
European Union,EUU
European Union,EUU
European Union,EUU
European Union,EUU
European Union,EUU
European Union,EUU
European Union,EUU
European Union,EUU
European Union,EUU
European Union,EUU
European Union,EUU
Fragile and conflict affected situations,FCS
Fragile and conflict affected situations,FCS
Fragile and conflict affected situations,FCS
Fragile and conflict affected situations,FCS
Fragile and conflict affected situations,FCS
Fragile and conflict affected situations,FCS
Fragile and conflict affected situations,FCS
Fragile and conflict affected situations,FCS
Fragile and conflict affected situations,FCS
Fragile and conflict affected situations,FCS
Fragile and conflict affected situations,FCS
Fragile and conflict affected situations,FCS
Fragile and conflict affected situations,FCS
Fragile and conflict affected situations,FCS
Fragile and conflict affected situations,FCS
Fragile and conflict affected situations,FCS
Fragile and conflict affected situations,FCS
Fragile and conflict affected situations,FCS
Fragile and conflict affected situations,FCS
Fragile and conflict affected situations,FCS
Fragile and conflict affected situations,FCS
Fragile and conflict affected situations,FCS
Fragile and conflict affected situations,FCS
Fragile and conflict affected situations,FCS
Fragile and conflict affected situations,FCS
Fragile and conflict affected situations,FCS
Fragile and conflict affected situations,FCS
Fragile and conflict affected situations,FCS
Fragile and conflict affected situations,FCS
Fragile and conflict affected situations,FCS
Fragile and conflict affected situations,FCS
Fragile and conflict affected situations,FCS
Fragile and conflict affected situations,FCS
Heavily indebted poor countries (HIPC),HPC
Heavily indebted poor countries (HIPC),HPC
Heavily indebted poor countries (HIPC),HPC
Heavily indebted poor countries (HIPC),HPC
Heavily indebted poor countries (HIPC),HPC
Heavily indebted poor countries (HIPC),HPC
Heavily indebted poor countries (HIPC),HPC
Heavily indebted poor countries (HIPC),HPC
Heavily indebted poor countries (HIPC),HPC
Heavily indebted poor countries (HIPC),HPC
Heavily indebted poor countries (HIPC),HPC
Heavily indebted poor countries (HIPC),HPC
Heavily indebted poor countries (HIPC),HPC
Heavily indebted poor countries (HIPC),HPC
Heavily indebted poor countries (HIPC),HPC
Heavily indebted poor countries (HIPC),HPC
Heavily indebted poor countries (HIPC),HPC
Heavily indebted poor countries (HIPC),HPC
Heavily indebted poor countries (HIPC),HPC
Heavily indebted poor countries (HIPC),HPC
Heavily indebted poor countries (HIPC),HPC
Heavily indebted poor countries (HIPC),HPC
Heavily indebted poor countries (HIPC),HPC
Heavily indebted poor countries (HIPC),HPC
Heavily indebted poor countries (HIPC),HPC
Heavily indebted poor countries (HIPC),HPC
Heavily indebted poor countries (HIPC),HPC
Heavily indebted poor countries (HIPC),HPC
Heavily indebted poor countries (HIPC),HPC
Heavily indebted poor countries (HIPC),HPC
Heavily indebted poor countries (HIPC),HPC
Heavily indebted poor countries (HIPC),HPC
Heavily indebted poor countries (HIPC),HPC
High income,HIC
High income,HIC
High income,HIC
High income,HIC
High income,HIC
High income,HIC
High income,HIC
High income,HIC
High income,HIC
High income,HIC
High income,HIC
High income,HIC
High income,HIC
High income,HIC
High income,HIC
High income,HIC
High income,HIC
High income,HIC
High income,HIC
High income,HIC
High income,HIC
High income,HIC
High income,HIC
High income,HIC
High income,HIC
High income,HIC
High income,HIC
High income,HIC
High income,HIC
High income,HIC
High income,HIC
High income,HIC
High income,HIC
IBRD only,IBD
IBRD only,IBD
IBRD only,IBD
IBRD only,IBD
IBRD only,IBD
IBRD only,IBD
IBRD only,IBD
IBRD only,IBD
IBRD only,IBD
IBRD only,IBD
IBRD only,IBD
IBRD only,IBD
IBRD only,IBD
IBRD only,IBD
IBRD only,IBD
IBRD only,IBD
IBRD only,IBD
IBRD only,IBD
IBRD only,IBD
IBRD only,IBD
IBRD only,IBD
IBRD only,IBD
IBRD only,IBD
IBRD only,IBD
IBRD only,IBD
IBRD only,IBD
IBRD only,IBD
IBRD only,IBD
IBRD only,IBD
IBRD only,IBD
IBRD only,IBD
IBRD only,IBD
IBRD only,IBD
IDA & IBRD total,IBT
IDA & IBRD total,IBT
IDA & IBRD total,IBT
IDA & IBRD total,IBT
IDA & IBRD total,IBT
IDA & IBRD total,IBT
IDA & IBRD total,IBT
IDA & IBRD total,IBT
IDA & IBRD total,IBT
IDA & IBRD total,IBT
IDA & IBRD total,IBT
IDA & IBRD total,IBT
IDA & IBRD total,IBT
IDA & IBRD total,IBT
IDA & IBRD total,IBT
IDA & IBRD total,IBT
IDA & IBRD total,IBT
IDA & IBRD total,IBT
IDA & IBRD total,IBT
IDA & IBRD total,IBT
IDA & IBRD total,IBT
IDA & IBRD total,IBT
IDA & IBRD total,IBT
IDA & IBRD total,IBT
IDA & IBRD total,IBT
IDA & IBRD total,IBT
IDA & IBRD total,IBT
IDA & IBRD total,IBT
IDA & IBRD total,IBT
IDA & IBRD total,IBT
IDA & IBRD total,IBT
IDA & IBRD total,IBT
IDA & IBRD total,IBT
IDA blend,IDB
IDA blend,IDB
IDA blend,IDB
IDA blend,IDB
IDA blend,IDB
IDA blend,IDB
IDA blend,IDB
IDA blend,IDB
IDA blend,IDB
IDA blend,IDB
IDA blend,IDB
IDA blend,IDB
IDA blend,IDB
IDA blend,IDB
IDA blend,IDB
IDA blend,IDB
IDA blend,IDB
IDA blend,IDB
IDA blend,IDB
IDA blend,IDB
IDA blend,IDB
IDA blend,IDB
IDA blend,IDB
IDA blend,IDB
IDA blend,IDB
IDA blend,IDB
IDA blend,IDB
IDA blend,IDB
IDA blend,IDB
IDA blend,IDB
IDA blend,IDB
IDA blend,IDB
IDA blend,IDB
IDA only,IDX
IDA only,IDX
IDA only,IDX
IDA only,IDX
IDA only,IDX
IDA only,IDX
IDA only,IDX
IDA only,IDX
IDA only,IDX
IDA only,IDX
IDA only,IDX
IDA only,IDX
IDA only,IDX
IDA only,IDX
IDA only,IDX
IDA only,IDX
IDA only,IDX
IDA only,IDX
IDA only,IDX
IDA only,IDX
IDA only,IDX
IDA only,IDX
IDA only,IDX
IDA only,IDX
IDA only,IDX
IDA only,IDX
IDA only,IDX
IDA only,IDX
IDA only,IDX
IDA only,IDX
IDA only,IDX
IDA only,IDX
IDA only,IDX
IDA total,IDA
IDA total,IDA
IDA total,IDA
IDA total,IDA
IDA total,IDA
IDA total,IDA
IDA total,IDA
IDA total,IDA
IDA total,IDA
IDA total,IDA
IDA total,IDA
IDA total,IDA
IDA total,IDA
IDA total,IDA
IDA total,IDA
IDA total,IDA
IDA total,IDA
IDA total,IDA
IDA total,IDA
IDA total,IDA
IDA total,IDA
IDA total,IDA
IDA total,IDA
IDA total,IDA
IDA total,IDA
IDA total,IDA
IDA total,IDA
IDA total,IDA
IDA total,IDA
IDA total,IDA
IDA total,IDA
IDA total,IDA
IDA total,IDA
Late-demographic dividend,LTE
Late-demographic dividend,LTE
Late-demographic dividend,LTE
Late-demographic dividend,LTE
Late-demographic dividend,LTE
Late-demographic dividend,LTE
Late-demographic dividend,LTE
Late-demographic dividend,LTE
Late-demographic dividend,LTE
Late-demographic dividend,LTE
Late-demographic dividend,LTE
Late-demographic dividend,LTE
Late-demographic dividend,LTE
Late-demographic dividend,LTE
Late-demographic dividend,LTE
Late-demographic dividend,LTE
Late-demographic dividend,LTE
Late-demographic dividend,LTE
Late-demographic dividend,LTE
Late-demographic dividend,LTE
Late-demographic dividend,LTE
Late-demographic dividend,LTE
Late-demographic dividend,LTE
Late-demographic dividend,LTE
Late-demographic dividend,LTE
Late-demographic dividend,LTE
Late-demographic dividend,LTE
Late-demographic dividend,LTE
Late-demographic dividend,LTE
Late-demographic dividend,LTE
Late-demographic dividend,LTE
Late-demographic dividend,LTE
Late-demographic dividend,LTE
Latin America & Caribbean,LCN
Latin America & Caribbean,LCN
Latin America & Caribbean,LCN
Latin America & Caribbean,LCN
Latin America & Caribbean,LCN
Latin America & Caribbean,LCN
Latin America & Caribbean,LCN
Latin America & Caribbean,LCN
Latin America & Caribbean,LCN
Latin America & Caribbean,LCN
Latin America & Caribbean,LCN
Latin America & Caribbean,LCN
Latin America & Caribbean,LCN
Latin America & Caribbean,LCN
Latin America & Caribbean,LCN
Latin America & Caribbean,LCN
Latin America & Caribbean,LCN
Latin America & Caribbean,LCN
Latin America & Caribbean,LCN
Latin America & Caribbean,LCN
Latin America & Caribbean,LCN
Latin America & Caribbean,LCN
Latin America & Caribbean,LCN
Latin America & Caribbean,LCN
Latin America & Caribbean,LCN
Latin America & Caribbean,LCN
Latin America & Caribbean,LCN
Latin America & Caribbean,LCN
Latin America & Caribbean,LCN
Latin America & Caribbean,LCN
Latin America & Caribbean,LCN
Latin America & Caribbean,LCN
Latin America & Caribbean,LCN
Latin America & Caribbean (excluding high income),LAC
Latin America & Caribbean (excluding high income),LAC
Latin America & Caribbean (excluding high income),LAC
Latin America & Caribbean (excluding high income),LAC
Latin America & Caribbean (excluding high income),LAC
Latin America & Caribbean (excluding high income),LAC
Latin America & Caribbean (excluding high income),LAC
Latin America & Caribbean (excluding high income),LAC
Latin America & Caribbean (excluding high income),LAC
Latin America & Caribbean (excluding high income),LAC
Latin America & Caribbean (excluding high income),LAC
Latin America & Caribbean (excluding high income),LAC
Latin America & Caribbean (excluding high income),LAC
Latin America & Caribbean (excluding high income),LAC
Latin America & Caribbean (excluding high income),LAC
Latin America & Caribbean (excluding high income),LAC
Latin America & Caribbean (excluding high income),LAC
Latin America & Caribbean (excluding high income),LAC
Latin America & Caribbean (excluding high income),LAC
Latin America & Caribbean (excluding high income),LAC
Latin America & Caribbean (excluding high income),LAC
Latin America & Caribbean (excluding high income),LAC
Latin America & Caribbean (excluding high income),LAC
Latin America & Caribbean (excluding high income),LAC
Latin America & Caribbean (excluding high income),LAC
Latin America & Caribbean (excluding high income),LAC
Latin America & Caribbean (excluding high income),LAC
Latin America & Caribbean (excluding high income),LAC
Latin America & Caribbean (excluding high income),LAC
Latin America & Caribbean (excluding high income),LAC
Latin America & Caribbean (excluding high income),LAC
Latin America & Caribbean (excluding high income),LAC
Latin America & Caribbean (excluding high income),LAC
Latin America & the Caribbean (IDA & IBRD countries),TLA
Latin America & the Caribbean (IDA & IBRD countries),TLA
Latin America & the Caribbean (IDA & IBRD countries),TLA
Latin America & the Caribbean (IDA & IBRD countries),TLA
Latin America & the Caribbean (IDA & IBRD countries),TLA
Latin America & the Caribbean (IDA & IBRD countries),TLA
Latin America & the Caribbean (IDA & IBRD countries),TLA
Latin America & the Caribbean (IDA & IBRD countries),TLA
Latin America & the Caribbean (IDA & IBRD countries),TLA
Latin America & the Caribbean (IDA & IBRD countries),TLA
Latin America & the Caribbean (IDA & IBRD countries),TLA
Latin America & the Caribbean (IDA & IBRD countries),TLA
Latin America & the Caribbean (IDA & IBRD countries),TLA
Latin America & the Caribbean (IDA & IBRD countries),TLA
Latin America & the Caribbean (IDA & IBRD countries),TLA
Latin America & the Caribbean (IDA & IBRD countries),TLA
Latin America & the Caribbean (IDA & IBRD countries),TLA
Latin America & the Caribbean (IDA & IBRD countries),TLA
Latin America & the Caribbean (IDA & IBRD countries),TLA
Latin America & the Caribbean (IDA & IBRD countries),TLA
Latin America & the Caribbean (IDA & IBRD countries),TLA
Latin America & the Caribbean (IDA & IBRD countries),TLA
Latin America & the Caribbean (IDA & IBRD countries),TLA
Latin America & the Caribbean (IDA & IBRD countries),TLA
Latin America & the Caribbean (IDA & IBRD countries),TLA
Latin America & the Caribbean (IDA & IBRD countries),TLA
Latin America & the Caribbean (IDA & IBRD countries),TLA
Latin America & the Caribbean (IDA & IBRD countries),TLA
Latin America & the Caribbean (IDA & IBRD countries),TLA
Latin America & the Caribbean (IDA & IBRD countries),TLA
Latin America & the Caribbean (IDA & IBRD countries),TLA
Latin America & the Caribbean (IDA & IBRD countries),TLA
Latin America & the Caribbean (IDA & IBRD countries),TLA
Least developed countries: UN classification,LDC
Least developed countries: UN classification,LDC
Least developed countries: UN classification,LDC
Least developed countries: UN classification,LDC
Least developed countries: UN classification,LDC
Least developed countries: UN classification,LDC
Least developed countries: UN classification,LDC
Least developed countries: UN classification,LDC
Least developed countries: UN classification,LDC
Least developed countries: UN classification,LDC
Least developed countries: UN classification,LDC
Least developed countries: UN classification,LDC
Least developed countries: UN classification,LDC
Least developed countries: UN classification,LDC
Least developed countries: UN classification,LDC
Least developed countries: UN classification,LDC
Least developed countries: UN classification,LDC
Least developed countries: UN classification,LDC
Least developed countries: UN classification,LDC
Least developed countries: UN classification,LDC
Least developed countries: UN classification,LDC
Least developed countries: UN classification,LDC
Least developed countries: UN classification,LDC
Least developed countries: UN classification,LDC
Least developed countries: UN classification,LDC
Least developed countries: UN classification,LDC
Least developed countries: UN classification,LDC
Least developed countries: UN classification,LDC
Least developed countries: UN classification,LDC
Least developed countries: UN classification,LDC
Least developed countries: UN classification,LDC
Least developed countries: UN classification,LDC
Least developed countries: UN classification,LDC
Low & middle income,LMY
Low & middle income,LMY
Low & middle income,LMY
Low & middle income,LMY
Low & middle income,LMY
Low & middle income,LMY
Low & middle income,LMY
Low & middle income,LMY
Low & middle income,LMY
Low & middle income,LMY
Low & middle income,LMY
Low & middle income,LMY
Low & middle income,LMY
Low & middle income,LMY
Low & middle income,LMY
Low & middle income,LMY
Low & middle income,LMY
Low & middle income,LMY
Low & middle income,LMY
Low & middle income,LMY
Low & middle income,LMY
Low & middle income,LMY
Low & middle income,LMY
Low & middle income,LMY
Low & middle income,LMY
Low & middle income,LMY
Low & middle income,LMY
Low & middle income,LMY
Low & middle income,LMY
Low & middle income,LMY
Low & middle income,LMY
Low & middle income,LMY
Low & middle income,LMY
Low income,LIC
Low income,LIC
Low income,LIC
Low income,LIC
Low income,LIC
Low income,LIC
Low income,LIC
Low income,LIC
Low income,LIC
Low income,LIC
Low income,LIC
Low income,LIC
Low income,LIC
Low income,LIC
Low income,LIC
Low income,LIC
Low income,LIC
Low income,LIC
Low income,LIC
Low income,LIC
Low income,LIC
Low income,LIC
Low income,LIC
Low income,LIC
Low income,LIC
Low income,LIC
Low income,LIC
Low income,LIC
Low income,LIC
Low income,LIC
Low income,LIC
Low income,LIC
Low income,LIC
Lower middle income,LMC
Lower middle income,LMC
Lower middle income,LMC
Lower middle income,LMC
Lower middle income,LMC
Lower middle income,LMC
Lower middle income,LMC
Lower middle income,LMC
Lower middle income,LMC
Lower middle income,LMC
Lower middle income,LMC
Lower middle income,LMC
Lower middle income,LMC
Lower middle income,LMC
Lower middle income,LMC
Lower middle income,LMC
Lower middle income,LMC
Lower middle income,LMC
Lower middle income,LMC
Lower middle income,LMC
Lower middle income,LMC
Lower middle income,LMC
Lower middle income,LMC
Lower middle income,LMC
Lower middle income,LMC
Lower middle income,LMC
Lower middle income,LMC
Lower middle income,LMC
Lower middle income,LMC
Lower middle income,LMC
Lower middle income,LMC
Lower middle income,LMC
Lower middle income,LMC
Middle East & North Africa,MEA
Middle East & North Africa,MEA
Middle East & North Africa,MEA
Middle East & North Africa,MEA
Middle East & North Africa,MEA
Middle East & North Africa,MEA
Middle East & North Africa,MEA
Middle East & North Africa,MEA
Middle East & North Africa,MEA
Middle East & North Africa,MEA
Middle East & North Africa,MEA
Middle East & North Africa,MEA
Middle East & North Africa,MEA
Middle East & North Africa,MEA
Middle East & North Africa,MEA
Middle East & North Africa,MEA
Middle East & North Africa,MEA
Middle East & North Africa,MEA
Middle East & North Africa,MEA
Middle East & North Africa,MEA
Middle East & North Africa,MEA
Middle East & North Africa,MEA
Middle East & North Africa,MEA
Middle East & North Africa,MEA
Middle East & North Africa,MEA
Middle East & North Africa,MEA
Middle East & North Africa,MEA
Middle East & North Africa,MEA
Middle East & North Africa,MEA
Middle East & North Africa,MEA
Middle East & North Africa,MEA
Middle East & North Africa,MEA
Middle East & North Africa,MEA
Middle East & North Africa (excluding high income),MNA
Middle East & North Africa (excluding high income),MNA
Middle East & North Africa (excluding high income),MNA
Middle East & North Africa (excluding high income),MNA
Middle East & North Africa (excluding high income),MNA
Middle East & North Africa (excluding high income),MNA
Middle East & North Africa (excluding high income),MNA
Middle East & North Africa (excluding high income),MNA
Middle East & North Africa (excluding high income),MNA
Middle East & North Africa (excluding high income),MNA
Middle East & North Africa (excluding high income),MNA
Middle East & North Africa (excluding high income),MNA
Middle East & North Africa (excluding high income),MNA
Middle East & North Africa (excluding high income),MNA
Middle East & North Africa (excluding high income),MNA
Middle East & North Africa (excluding high income),MNA
Middle East & North Africa (excluding high income),MNA
Middle East & North Africa (excluding high income),MNA
Middle East & North Africa (excluding high income),MNA
Middle East & North Africa (excluding high income),MNA
Middle East & North Africa (excluding high income),MNA
Middle East & North Africa (excluding high income),MNA
Middle East & North Africa (excluding high income),MNA
Middle East & North Africa (excluding high income),MNA
Middle East & North Africa (excluding high income),MNA
Middle East & North Africa (excluding high income),MNA
Middle East & North Africa (excluding high income),MNA
Middle East & North Africa (excluding high income),MNA
Middle East & North Africa (excluding high income),MNA
Middle East & North Africa (excluding high income),MNA
Middle East & North Africa (excluding high income),MNA
Middle East & North Africa (excluding high income),MNA
Middle East & North Africa (excluding high income),MNA
Middle East & North Africa (IDA & IBRD countries),TMN
Middle East & North Africa (IDA & IBRD countries),TMN
Middle East & North Africa (IDA & IBRD countries),TMN
Middle East & North Africa (IDA & IBRD countries),TMN
Middle East & North Africa (IDA & IBRD countries),TMN
Middle East & North Africa (IDA & IBRD countries),TMN
Middle East & North Africa (IDA & IBRD countries),TMN
Middle East & North Africa (IDA & IBRD countries),TMN
Middle East & North Africa (IDA & IBRD countries),TMN
Middle East & North Africa (IDA & IBRD countries),TMN
Middle East & North Africa (IDA & IBRD countries),TMN
Middle East & North Africa (IDA & IBRD countries),TMN
Middle East & North Africa (IDA & IBRD countries),TMN
Middle East & North Africa (IDA & IBRD countries),TMN
Middle East & North Africa (IDA & IBRD countries),TMN
Middle East & North Africa (IDA & IBRD countries),TMN
Middle East & North Africa (IDA & IBRD countries),TMN
Middle East & North Africa (IDA & IBRD countries),TMN
Middle East & North Africa (IDA & IBRD countries),TMN
Middle East & North Africa (IDA & IBRD countries),TMN
Middle East & North Africa (IDA & IBRD countries),TMN
Middle East & North Africa (IDA & IBRD countries),TMN
Middle East & North Africa (IDA & IBRD countries),TMN
Middle East & North Africa (IDA & IBRD countries),TMN
Middle East & North Africa (IDA & IBRD countries),TMN
Middle East & North Africa (IDA & IBRD countries),TMN
Middle East & North Africa (IDA & IBRD countries),TMN
Middle East & North Africa (IDA & IBRD countries),TMN
Middle East & North Africa (IDA & IBRD countries),TMN
Middle East & North Africa (IDA & IBRD countries),TMN
Middle East & North Africa (IDA & IBRD countries),TMN
Middle East & North Africa (IDA & IBRD countries),TMN
Middle East & North Africa (IDA & IBRD countries),TMN
Middle income,MIC
Middle income,MIC
Middle income,MIC
Middle income,MIC
Middle income,MIC
Middle income,MIC
Middle income,MIC
Middle income,MIC
Middle income,MIC
Middle income,MIC
Middle income,MIC
Middle income,MIC
Middle income,MIC
Middle income,MIC
Middle income,MIC
Middle income,MIC
Middle income,MIC
Middle income,MIC
Middle income,MIC
Middle income,MIC
Middle income,MIC
Middle income,MIC
Middle income,MIC
Middle income,MIC
Middle income,MIC
Middle income,MIC
Middle income,MIC
Middle income,MIC
Middle income,MIC
Middle income,MIC
Middle income,MIC
Middle income,MIC
Middle income,MIC
North America,NAC
North America,NAC
North America,NAC
North America,NAC
North America,NAC
North America,NAC
North America,NAC
North America,NAC
North America,NAC
North America,NAC
North America,NAC
North America,NAC
North America,NAC
North America,NAC
North America,NAC
North America,NAC
North America,NAC
North America,NAC
North America,NAC
North America,NAC
North America,NAC
North America,NAC
North America,NAC
North America,NAC
North America,NAC
North America,NAC
North America,NAC
North America,NAC
North America,NAC
North America,NAC
North America,NAC
North America,NAC
North America,NAC
Not classified,INX
Not classified,INX
Not classified,INX
Not classified,INX
Not classified,INX
Not classified,INX
Not classified,INX
Not classified,INX
Not classified,INX
Not classified,INX
Not classified,INX
Not classified,INX
Not classified,INX
Not classified,INX
Not classified,INX
Not classified,INX
Not classified,INX
Not classified,INX
Not classified,INX
Not classified,INX
Not classified,INX
Not classified,INX
Not classified,INX
Not classified,INX
Not classified,INX
Not classified,INX
Not classified,INX
Not classified,INX
Not classified,INX
Not classified,INX
Not classified,INX
Not classified,INX
Not classified,INX
OECD members,OED
OECD members,OED
OECD members,OED
OECD members,OED
OECD members,OED
OECD members,OED
OECD members,OED
OECD members,OED
OECD members,OED
OECD members,OED
OECD members,OED
OECD members,OED
OECD members,OED
OECD members,OED
OECD members,OED
OECD members,OED
OECD members,OED
OECD members,OED
OECD members,OED
OECD members,OED
OECD members,OED
OECD members,OED
OECD members,OED
OECD members,OED
OECD members,OED
OECD members,OED
OECD members,OED
OECD members,OED
OECD members,OED
OECD members,OED
OECD members,OED
OECD members,OED
OECD members,OED
Other small states,OSS
Other small states,OSS
Other small states,OSS
Other small states,OSS
Other small states,OSS
Other small states,OSS
Other small states,OSS
Other small states,OSS
Other small states,OSS
Other small states,OSS
Other small states,OSS
Other small states,OSS
Other small states,OSS
Other small states,OSS
Other small states,OSS
Other small states,OSS
Other small states,OSS
Other small states,OSS
Other small states,OSS
Other small states,OSS
Other small states,OSS
Other small states,OSS
Other small states,OSS
Other small states,OSS
Other small states,OSS
Other small states,OSS
Other small states,OSS
Other small states,OSS
Other small states,OSS
Other small states,OSS
Other small states,OSS
Other small states,OSS
Other small states,OSS
Pacific island small states,PSS
Pacific island small states,PSS
Pacific island small states,PSS
Pacific island small states,PSS
Pacific island small states,PSS
Pacific island small states,PSS
Pacific island small states,PSS
Pacific island small states,PSS
Pacific island small states,PSS
Pacific island small states,PSS
Pacific island small states,PSS
Pacific island small states,PSS
Pacific island small states,PSS
Pacific island small states,PSS
Pacific island small states,PSS
Pacific island small states,PSS
Pacific island small states,PSS
Pacific island small states,PSS
Pacific island small states,PSS
Pacific island small states,PSS
Pacific island small states,PSS
Pacific island small states,PSS
Pacific island small states,PSS
Pacific island small states,PSS
Pacific island small states,PSS
Pacific island small states,PSS
Pacific island small states,PSS
Pacific island small states,PSS
Pacific island small states,PSS
Pacific island small states,PSS
Pacific island small states,PSS
Pacific island small states,PSS
Pacific island small states,PSS
Post-demographic dividend,PST
Post-demographic dividend,PST
Post-demographic dividend,PST
Post-demographic dividend,PST
Post-demographic dividend,PST
Post-demographic dividend,PST
Post-demographic dividend,PST
Post-demographic dividend,PST
Post-demographic dividend,PST
Post-demographic dividend,PST
Post-demographic dividend,PST
Post-demographic dividend,PST
Post-demographic dividend,PST
Post-demographic dividend,PST
Post-demographic dividend,PST
Post-demographic dividend,PST
Post-demographic dividend,PST
Post-demographic dividend,PST
Post-demographic dividend,PST
Post-demographic dividend,PST
Post-demographic dividend,PST
Post-demographic dividend,PST
Post-demographic dividend,PST
Post-demographic dividend,PST
Post-demographic dividend,PST
Post-demographic dividend,PST
Post-demographic dividend,PST
Post-demographic dividend,PST
Post-demographic dividend,PST
Post-demographic dividend,PST
Post-demographic dividend,PST
Post-demographic dividend,PST
Post-demographic dividend,PST
Pre-demographic dividend,PRE
Pre-demographic dividend,PRE
Pre-demographic dividend,PRE
Pre-demographic dividend,PRE
Pre-demographic dividend,PRE
Pre-demographic dividend,PRE
Pre-demographic dividend,PRE
Pre-demographic dividend,PRE
Pre-demographic dividend,PRE
Pre-demographic dividend,PRE
Pre-demographic dividend,PRE
Pre-demographic dividend,PRE
Pre-demographic dividend,PRE
Pre-demographic dividend,PRE
Pre-demographic dividend,PRE
Pre-demographic dividend,PRE
Pre-demographic dividend,PRE
Pre-demographic dividend,PRE
Pre-demographic dividend,PRE
Pre-demographic dividend,PRE
Pre-demographic dividend,PRE
Pre-demographic dividend,PRE
Pre-demographic dividend,PRE
Pre-demographic dividend,PRE
Pre-demographic dividend,PRE
Pre-demographic dividend,PRE
Pre-demographic dividend,PRE
Pre-demographic dividend,PRE
Pre-demographic dividend,PRE
Pre-demographic dividend,PRE
Pre-demographic dividend,PRE
Pre-demographic dividend,PRE
Pre-demographic dividend,PRE
Small states,SST
Small states,SST
Small states,SST
Small states,SST
Small states,SST
Small states,SST
Small states,SST
Small states,SST
Small states,SST
Small states,SST
Small states,SST
Small states,SST
Small states,SST
Small states,SST
Small states,SST
Small states,SST
Small states,SST
Small states,SST
Small states,SST
Small states,SST
Small states,SST
Small states,SST
Small states,SST
Small states,SST
Small states,SST
Small states,SST
Small states,SST
Small states,SST
Small states,SST
Small states,SST
Small states,SST
Small states,SST
Small states,SST
South Asia,SAS
South Asia,SAS
South Asia,SAS
South Asia,SAS
South Asia,SAS
South Asia,SAS
South Asia,SAS
South Asia,SAS
South Asia,SAS
South Asia,SAS
South Asia,SAS
South Asia,SAS
South Asia,SAS
South Asia,SAS
South Asia,SAS
South Asia,SAS
South Asia,SAS
South Asia,SAS
South Asia,SAS
South Asia,SAS
South Asia,SAS
South Asia,SAS
South Asia,SAS
South Asia,SAS
South Asia,SAS
South Asia,SAS
South Asia,SAS
South Asia,SAS
South Asia,SAS
South Asia,SAS
South Asia,SAS
South Asia,SAS
South Asia,SAS
South Asia (IDA & IBRD),TSA
South Asia (IDA & IBRD),TSA
South Asia (IDA & IBRD),TSA
South Asia (IDA & IBRD),TSA
South Asia (IDA & IBRD),TSA
South Asia (IDA & IBRD),TSA
South Asia (IDA & IBRD),TSA
South Asia (IDA & IBRD),TSA
South Asia (IDA & IBRD),TSA
South Asia (IDA & IBRD),TSA
South Asia (IDA & IBRD),TSA
South Asia (IDA & IBRD),TSA
South Asia (IDA & IBRD),TSA
South Asia (IDA & IBRD),TSA
South Asia (IDA & IBRD),TSA
South Asia (IDA & IBRD),TSA
South Asia (IDA & IBRD),TSA
South Asia (IDA & IBRD),TSA
South Asia (IDA & IBRD),TSA
South Asia (IDA & IBRD),TSA
South Asia (IDA & IBRD),TSA
South Asia (IDA & IBRD),TSA
South Asia (IDA & IBRD),TSA
South Asia (IDA & IBRD),TSA
South Asia (IDA & IBRD),TSA
South Asia (IDA & IBRD),TSA
South Asia (IDA & IBRD),TSA
South Asia (IDA & IBRD),TSA
South Asia (IDA & IBRD),TSA
South Asia (IDA & IBRD),TSA
South Asia (IDA & IBRD),TSA
South Asia (IDA & IBRD),TSA
South Asia (IDA & IBRD),TSA
Sub-Saharan Africa,SSF
Sub-Saharan Africa,SSF
Sub-Saharan Africa,SSF
Sub-Saharan Africa,SSF
Sub-Saharan Africa,SSF
Sub-Saharan Africa,SSF
Sub-Saharan Africa,SSF
Sub-Saharan Africa,SSF
Sub-Saharan Africa,SSF
Sub-Saharan Africa,SSF
Sub-Saharan Africa,SSF
Sub-Saharan Africa,SSF
Sub-Saharan Africa,SSF
Sub-Saharan Africa,SSF
Sub-Saharan Africa,SSF
Sub-Saharan Africa,SSF
Sub-Saharan Africa,SSF
Sub-Saharan Africa,SSF
Sub-Saharan Africa,SSF
Sub-Saharan Africa,SSF
Sub-Saharan Africa,SSF
Sub-Saharan Africa,SSF
Sub-Saharan Africa,SSF
Sub-Saharan Africa,SSF
Sub-Saharan Africa,SSF
Sub-Saharan Africa,SSF
Sub-Saharan Africa,SSF
Sub-Saharan Africa,SSF
Sub-Saharan Africa,SSF
Sub-Saharan Africa,SSF
Sub-Saharan Africa,SSF
Sub-Saharan Africa,SSF
Sub-Saharan Africa,SSF
Sub-Saharan Africa (excluding high income),SSA
Sub-Saharan Africa (excluding high income),SSA
Sub-Saharan Africa (excluding high income),SSA
Sub-Saharan Africa (excluding high income),SSA
Sub-Saharan Africa (excluding high income),SSA
Sub-Saharan Africa (excluding high income),SSA
Sub-Saharan Africa (excluding high income),SSA
Sub-Saharan Africa (excluding high income),SSA
Sub-Saharan Africa (excluding high income),SSA
Sub-Saharan Africa (excluding high income),SSA
Sub-Saharan Africa (excluding high income),SSA
Sub-Saharan Africa (excluding high income),SSA
Sub-Saharan Africa (excluding high income),SSA
Sub-Saharan Africa (excluding high income),SSA
Sub-Saharan Africa (excluding high income),SSA
Sub-Saharan Africa (excluding high income),SSA
Sub-Saharan Africa (excluding high income),SSA
Sub-Saharan Africa (excluding high income),SSA
Sub-Saharan Africa (excluding high income),SSA
Sub-Saharan Africa (excluding high income),SSA
Sub-Saharan Africa (excluding high income),SSA
Sub-Saharan Africa (excluding high income),SSA
Sub-Saharan Africa (excluding high income),SSA
Sub-Saharan Africa (excluding high income),SSA
Sub-Saharan Africa (excluding high income),SSA
Sub-Saharan Africa (excluding high income),SSA
Sub-Saharan Africa (excluding high income),SSA
Sub-Saharan Africa (excluding high income),SSA
Sub-Saharan Africa (excluding high income),SSA
Sub-Saharan Africa (excluding high income),SSA
Sub-Saharan Africa (excluding high income),SSA
Sub-Saharan Africa (excluding high income),SSA
Sub-Saharan Africa (excluding high income),SSA
Sub-Saharan Africa (IDA & IBRD countries),TSS
Sub-Saharan Africa (IDA & IBRD countries),TSS
Sub-Saharan Africa (IDA & IBRD countries),TSS
Sub-Saharan Africa (IDA & IBRD countries),TSS
Sub-Saharan Africa (IDA & IBRD countries),TSS
Sub-Saharan Africa (IDA & IBRD countries),TSS
Sub-Saharan Africa (IDA & IBRD countries),TSS
Sub-Saharan Africa (IDA & IBRD countries),TSS
Sub-Saharan Africa (IDA & IBRD countries),TSS
Sub-Saharan Africa (IDA & IBRD countries),TSS
Sub-Saharan Africa (IDA & IBRD countries),TSS
Sub-Saharan Africa (IDA & IBRD countries),TSS
Sub-Saharan Africa (IDA & IBRD countries),TSS
Sub-Saharan Africa (IDA & IBRD countries),TSS
Sub-Saharan Africa (IDA & IBRD countries),TSS
Sub-Saharan Africa (IDA & IBRD countries),TSS
Sub-Saharan Africa (IDA & IBRD countries),TSS
Sub-Saharan Africa (IDA & IBRD countries),TSS
Sub-Saharan Africa (IDA & IBRD countries),TSS
Sub-Saharan Africa (IDA & IBRD countries),TSS
Sub-Saharan Africa (IDA & IBRD countries),TSS
Sub-Saharan Africa (IDA & IBRD countries),TSS
Sub-Saharan Africa (IDA & IBRD countries),TSS
Sub-Saharan Africa (IDA & IBRD countries),TSS
Sub-Saharan Africa (IDA & IBRD countries),TSS
Sub-Saharan Africa (IDA & IBRD countries),TSS
Sub-Saharan Africa (IDA & IBRD countries),TSS
Sub-Saharan Africa (IDA & IBRD countries),TSS
Sub-Saharan Africa (IDA & IBRD countries),TSS
Sub-Saharan Africa (IDA & IBRD countries),TSS
Sub-Saharan Africa (IDA & IBRD countries),TSS
Sub-Saharan Africa (IDA & IBRD countries),TSS
Sub-Saharan Africa (IDA & IBRD countries),TSS
Upper middle income,UMC
Upper middle income,UMC
Upper middle income,UMC
Upper middle income,UMC
Upper middle income,UMC
Upper middle income,UMC
Upper middle income,UMC
Upper middle income,UMC
Upper middle income,UMC
Upper middle income,UMC
Upper middle income,UMC
Upper middle income,UMC
Upper middle income,UMC
Upper middle income,UMC
Upper middle income,UMC
Upper middle income,UMC
Upper middle income,UMC
Upper middle income,UMC
Upper middle income,UMC
Upper middle income,UMC
Upper middle income,UMC
Upper middle income,UMC
Upper middle income,UMC
Upper middle income,UMC
Upper middle income,UMC
Upper middle income,UMC
Upper middle income,UMC
Upper middle income,UMC
Upper middle income,UMC
Upper middle income,UMC
Upper middle income,UMC
Upper middle income,UMC
Upper middle income,UMC
World,WLD
World,WLD
World,WLD
World,WLD
World,WLD
World,WLD
World,WLD
World,WLD
World,WLD
World,WLD
World,WLD
World,WLD
World,WLD
World,WLD
World,WLD
World,WLD
World,WLD
World,WLD
World,WLD
World,WLD
World,WLD
World,WLD
World,WLD
World,WLD
World,WLD
World,WLD
World,WLD
World,WLD
World,WLD
World,WLD
World,WLD
World,WLD
World,WLD
